data,usd_brl,ibovespa,dxy,vix,petroleo_wti,soja,selic,embi_brasil,ipca_mensal,usd_brl_retorno,usd_brl_volatilidade,ipca_acumulado_12m
2010-01-31,1.8729000091552732,65402.0,79.45999908447266,24.6200008392334,72.88999938964844,914.0,8.75,234.0,0.75,,,
2010-02-28,1.805999994277954,66503.0,80.36000061035156,19.5,79.66000366210938,951.0,8.75,215.0,0.78,-0.03572001417603321,,
2010-03-31,1.780500054359436,70372.0,81.06999969482422,17.59000015258789,83.76000213623047,941.0,8.75,185.0,0.52,-0.014119568105930735,,
2010-04-30,1.728700041770935,67530.0,81.87000274658203,22.049999237060547,86.1500015258789,989.5,9.5,196.0,0.57,-0.02909295760012598,0.011065709362956639,
2010-05-31,1.8143999576568604,63047.0,86.4800033569336,32.06999969482422,73.97000122070312,937.75,9.5,235.0,0.43,0.049574775157714246,0.04177276611619681,
2010-06-30,1.7908999919891355,60936.0,86.0199966430664,34.540000915527344,75.62999725341797,948.5,10.25,248.0,0.0,-0.012951921415426448,0.04155063780241396,
2010-07-31,1.7584999799728394,67515.0,81.54000091552734,23.5,78.94999694824219,1052.5,10.75,214.0,0.01,-0.01809146918377602,0.03767121659590829,
2010-08-31,1.7549999952316284,65145.0,83.19999694824219,26.049999237060547,71.91999816894531,1008.0,10.75,233.0,0.04,-0.0019903240153946733,0.00822413566438059,
2010-09-30,1.7035000324249268,69430.0,78.72000122070312,23.700000762939453,79.97000122070312,1106.75,10.75,206.0,0.45,-0.029344708231696992,0.013748603569429833,
2010-10-31,1.7135000228881836,70673.0,77.2699966430664,21.200000762939453,81.43000030517578,1226.0,10.75,175.0,0.75,0.005870261387093567,0.01848488221933103,
2010-11-30,1.7170000076293943,67705.0,81.19999694824219,23.540000915527344,84.11000061035156,1243.0,10.75,198.0,0.83,0.0020425939273180926,0.019321438267100612,
2010-12-31,1.6619999408721924,69305.0,79.02999877929688,17.75,91.37999725341795,1393.75,10.75,189.0,0.63,-0.032032653764014096,0.020866258730145863,5.76
2011-01-31,1.6342999935150146,66575.0,77.73999786376953,19.530000686645508,92.19000244140624,1413.0,11.25,179.0,0.83,-0.01666663558522219,0.01706493621850328,5.84
2011-02-28,1.659999966621399,67383.0,76.88999938964844,18.350000381469727,96.97000122070312,1357.25,11.25,177.0,0.8,0.015725370622506896,0.024379586659526095,5.859999999999999
2011-03-31,1.628499984741211,68587.0,75.86000061035156,17.739999771118164,106.72000122070312,1410.25,11.75,173.0,0.79,-0.018975893080467876,0.01940254467384928,6.13
2011-04-30,1.586300015449524,66133.0,72.93000030517578,14.75,113.93000030517578,1392.75,12.0,169.0,0.77,-0.025913398641138508,0.02230879419936912,6.33
2011-05-31,1.593000054359436,64620.0,74.63999938964844,15.449999809265137,102.6999969482422,1376.0,12.0,175.0,0.47,0.004223689620284965,0.015782868928948646,6.37
2011-06-30,1.569700002670288,62404.0,74.30000305175781,16.520000457763672,95.41999816894533,1306.25,12.25,148.0,0.15,-0.014626522846238776,0.015225899886484049,6.5200000000000005
2011-07-31,1.562800049781799,58823.0,73.9000015258789,25.25,95.6999969482422,1354.25,12.5,157.0,0.16,-0.004395714389215266,0.009436578451221792,6.670000000000001
2011-08-31,1.58650004863739,56495.0,74.12999725341797,31.6200008392334,88.80999755859375,1449.0,12.5,194.0,0.37,0.015165087087692264,0.015137340247209833,7.0
2011-09-30,1.8277000188827517,52324.0,78.55000305175781,42.959999084472656,79.19999694824219,1179.0,12.0,275.0,0.53,0.15203275313639164,0.08523032364955478,7.08
2011-10-31,1.6871000528335571,58338.0,76.16999816894531,29.959999084472656,93.19000244140624,1207.5,11.5,222.0,0.43,-0.0769272662891044,0.11520738550936352,6.760000000000001
2011-11-30,1.8415000438690183,56875.0,78.38999938964844,27.799999237060547,100.36000061035156,1131.25,11.5,228.0,0.52,0.09151798126977706,0.11864409630948408,6.45
2011-12-31,1.8652000427246092,56754.0,80.16999816894531,23.399999618530277,98.83000183105467,1198.5,11.0,223.0,0.5,0.01286994205321701,0.084284097080308,6.32
2012-01-31,1.7462999820709229,63072.0,79.27999877929688,19.440000534057617,98.4800033569336,1199.0,10.5,224.0,0.56,-0.0637465461774287,0.07763447883598534,6.050000000000001
2012-02-29,1.697700023651123,65812.0,78.7300033569336,18.43000030517578,107.06999969482422,1313.5,10.5,196.0,0.45,-0.02783024618838137,0.038333127963076176,5.7
2012-03-31,1.8207999467849727,64511.0,78.93000030517578,15.5,103.0199966430664,1403.0,9.75,177.0,0.21,0.07250982000289263,0.07062094450047886,5.12
2012-04-30,1.8860000371932983,61820.0,78.79000091552734,17.149999618530273,104.87000274658205,1503.0,9.0,188.0,0.64,0.03580848655199653,0.050769093395398784,4.99
2012-05-31,2.014899969100952,54490.0,83.04000091552734,24.059999465942383,86.52999877929688,1340.0,8.5,244.0,0.36,0.06834566774424866,0.020095589072582052,4.88
2012-06-30,2.0768001079559326,54355.0,81.6500015258789,17.079999923706055,84.95999908447266,1512.75,8.5,208.0,0.08,0.030721196984582866,0.02041302474330666,4.81
2012-07-31,2.040299892425537,56097.0,82.63999938964844,18.93000030517578,88.05999755859375,1721.0,8.0,183.0,0.43,-0.01757521842885512,0.04307076197473131,5.08
2012-08-31,2.0455000400543213,57061.0,81.25,17.469999313354492,96.47000122070312,1764.5,7.5,181.0,0.41,0.002548717297927272,0.024259723626544907,5.12
2012-09-30,2.0269999504089355,59176.0,79.94000244140625,15.729999542236328,92.19000244140624,1601.0,7.5,166.0,0.57,-0.009044287109813198,0.01010072051475993,5.16
2012-10-31,2.0290000438690186,57068.0,79.91999816894531,18.600000381469727,86.23999786376953,1547.0,7.25,158.0,0.59,0.0009867259541271878,0.006290982849085448,5.319999999999999
2012-11-30,2.095599889755249,57475.0,80.1500015258789,15.869999885559082,88.91000366210938,1438.75,7.25,153.0,0.6,0.032823974591559946,0.02186009668240785,5.4
2012-12-31,2.045099973678589,60952.0,79.7699966430664,18.020000457763672,91.81999969482422,1418.75,7.25,142.0,0.79,-0.02409807154673893,0.02852769649256603,5.6899999999999995
2013-01-31,1.9882999658584597,59761.0,79.20999908447266,14.279999732971191,97.48999786376952,1468.5,7.25,155.0,0.86,-0.02777370717870631,0.03397476678801504,5.989999999999999
2013-02-28,1.9744000434875488,57424.0,81.9800033569336,15.510000228881836,92.0500030517578,1474.25,7.25,178.0,0.6,-0.006990857823059637,0.011091241935465089,6.140000000000001
2013-03-31,2.019200086593628,56352.0,82.98999786376953,12.699999809265137,97.2300033569336,1404.75,7.25,189.0,0.47,0.022690458934018665,0.025362503337362046,6.4
2013-04-30,2.00570011138916,55910.0,81.7300033569336,13.520000457763672,93.45999908447266,1467.75,7.5,171.0,0.55,-0.006685803598217022,0.01704913694236423,6.31
2013-05-31,2.1077001094818115,53506.0,83.37999725341797,16.299999237060547,91.97000122070312,1510.0,8.0,206.0,0.37,0.050855059294983906,0.02877255757473851,6.32
2013-06-30,2.1958999633789062,47457.0,83.16999816894531,16.860000610351562,96.55999755859376,1564.5,8.0,237.0,0.26,0.04184649111147931,0.03095019879580692,6.5
2013-07-31,2.279400110244751,48234.0,81.44999694824219,13.449999809265137,105.02999877929688,1374.0,8.5,235.0,0.03,0.03802547850921223,0.006587267784169798,6.1
2013-08-31,2.356100082397461,50008.0,82.08999633789062,17.010000228881836,107.6500015258789,1424.0,9.0,251.0,0.24,0.03364919208698036,0.004101782772021968,5.930000000000001
2013-09-30,2.2227001190185547,52338.0,80.22000122070312,16.600000381469727,102.33000183105467,1282.75,9.0,236.0,0.35,-0.05661897148408246,0.053424503042260194,5.71
2013-10-31,2.1810998916625977,54256.0,80.19999694824219,13.75,96.37999725341795,1280.25,9.5,220.0,0.57,-0.018716077351147997,0.04532676211223041,5.69
2013-11-30,2.3148999214172363,52482.0,80.68000030517578,13.699999809265137,92.72000122070312,1336.5,10.0,247.0,0.54,0.06134520948173816,0.060224561744533785,5.63
2013-12-31,2.359299898147583,51507.0,80.04000091552734,13.720000267028809,98.41999816894533,1312.5,10.0,224.0,0.92,0.019180084771510897,0.0400496077691853,5.76
2014-01-31,2.408799886703491,47639.0,81.2699966430664,18.40999984741211,97.48999786376952,1282.75,10.5,272.0,0.55,0.020980795444772937,0.023841232564982048,5.45
2014-02-28,2.319000005722046,47094.0,79.77999877929688,14.0,102.58999633789062,1414.25,10.75,245.0,0.69,-0.03727992577429873,0.0331292594411851,5.539999999999999
2014-03-31,2.256099939346313,50415.0,80.0999984741211,13.880000114440918,101.58000183105467,1464.0,10.75,228.0,0.92,-0.027123788797123405,0.03112209767017434,5.99
2014-04-30,2.2332000732421875,51626.0,79.48999786376953,13.40999984741211,99.73999786376952,1530.75,11.0,211.0,0.67,-0.010150200221520578,0.013706882918215679,6.11
2014-05-31,2.223599910736084,51239.0,80.37000274658203,11.399999618530272,102.70999908447266,1493.25,11.0,208.0,0.46,-0.004298836732602229,0.011855516300868563,6.2
2014-06-30,2.191800117492676,53168.0,79.77999877929688,11.56999969482422,105.37000274658205,1400.5,11.0,208.0,0.4,-0.014301040888637817,0.005025137160686043,6.34
2014-07-31,2.2437000274658203,55829.0,81.45999908447266,16.950000762939453,98.16999816894533,1224.5,11.0,212.0,0.01,0.02367912546355533,0.01968630443044475,6.32
2014-08-31,2.2372000217437744,61288.0,82.75,12.09000015258789,95.95999908447266,1089.5,11.0,205.0,0.25,-0.0028970030050707862,0.01948861086451523,6.33
2014-09-30,2.44350004196167,54116.0,85.94000244140625,16.309999465942383,91.16000366210938,913.25,11.0,239.0,0.57,0.09221348927803774,0.049073508417087915,6.55
2014-10-31,2.401599884033203,54629.0,86.87999725341797,14.029999732971191,80.54000091552734,1046.5,11.25,233.0,0.42,-0.017147598612205828,0.05945437012537558,6.3999999999999995
2014-11-30,2.5271999835968018,54664.0,88.36000061035156,13.329999923706056,66.1500015258789,1016.0,11.25,238.0,0.51,0.05229851167075683,0.05534108662853293,6.369999999999999
2014-12-31,2.654099941253662,50007.0,90.2699966430664,19.200000762939453,53.27000045776367,1019.25,11.75,259.0,0.78,0.05021365878463313,0.03950664046096844,6.2299999999999995
2015-01-31,2.6001999378204346,46908.0,94.8000030517578,20.96999931335449,48.2400016784668,961.0,12.25,324.0,1.24,-0.02030820414688983,0.041330809623318095,6.92
2015-02-28,2.9049999713897705,51583.0,95.25,13.34000015258789,49.7599983215332,1030.75,12.25,322.0,1.22,0.11722176788636807,0.06877246668567202,7.45
2015-03-31,3.2260000705718994,51150.0,98.36000061035156,15.289999961853027,47.59999847412109,973.25,12.75,322.0,1.32,0.11049917464493486,0.07753521438003333,7.85
2015-04-30,2.952699899673462,56229.0,94.5999984741211,14.550000190734863,59.630001068115234,978.5,13.25,295.0,0.71,-0.08471796804703335,0.11469857817308078,7.89
2015-05-31,3.158400058746338,52760.0,96.91000366210938,13.84000015258789,60.29999923706055,934.0,13.25,294.0,0.74,0.06966510856576535,0.10296543764601104,8.17
2015-06-30,3.115000009536743,53081.0,95.48999786376952,18.229999542236328,59.470001220703125,1056.25,13.75,304.0,0.79,-0.013741150076732711,0.07727488489623882,8.56
2015-07-31,3.370800018310547,50865.0,97.37000274658205,12.119999885559082,47.119998931884766,980.75,14.25,315.0,0.62,0.0821187826615275,0.0521229710777096,9.17
2015-08-31,3.578700065612793,46626.0,95.9499969482422,28.43000030517578,49.20000076293945,897.5,14.25,340.0,0.22,0.061676766990895526,0.05048904984265034,9.14
2015-09-30,4.054399967193604,45059.0,96.3499984741211,24.5,45.09000015258789,892.0,14.25,442.0,0.54,0.13292533402051276,0.036686827721144045,9.11
2015-10-31,3.84470009803772,45869.0,96.9499969482422,15.06999969482422,46.59000015258789,883.75,14.25,410.0,0.82,-0.0517215545710048,0.09312179399703586,9.51
2015-11-30,3.841399908065796,45120.0,100.16999816894533,16.1299991607666,41.650001525878906,881.0,14.25,432.0,1.01,-0.0008583738361306326,0.09537611258317295,10.01
2015-12-31,3.956700086593628,43350.0,98.62999725341795,18.209999084472656,37.040000915527344,871.25,14.25,523.0,0.96,0.03001514585496179,0.04127373169686537,10.19
2016-01-31,4.066999912261963,40406.0,99.61000061035156,20.200000762939453,33.619998931884766,882.25,14.25,512.0,1.27,0.027876721321906883,0.017240711370383983,10.219999999999999
2016-02-29,3.9646999835968018,42794.0,98.20999908447266,20.549999237060547,33.75,853.0,14.25,502.0,0.9,-0.025153658930930356,0.03125270951119804,9.9
2016-03-31,3.596100091934204,50055.0,94.58999633789062,13.949999809265137,38.34000015258789,910.75,14.25,409.0,0.43,-0.09297043740701949,0.06057415901946117,9.01
2016-04-30,3.479700088500977,53911.0,93.08000183105467,15.699999809265137,45.91999816894531,1021.0,14.25,385.0,0.61,-0.032368399226235134,0.03724642030242397,8.91
2016-05-31,3.5673999786376958,48472.0,95.88999938964844,14.1899995803833,49.09999847412109,1078.5,14.25,404.0,0.78,0.025203289911832405,0.05909333895105539,8.950000000000001
2016-06-30,3.237600088119507,51527.0,96.13999938964844,15.630000114440918,48.33000183105469,1175.0,14.25,350.0,0.35,-0.09244825152578817,0.05883022642201679,8.51
2016-07-31,3.281899929046631,57308.0,95.52999877929688,11.869999885559082,41.59999847412109,1032.5,14.25,339.0,0.52,0.013682925537864987,0.06485680476104473,8.41
2016-08-31,3.236799955368042,57901.0,96.0199966430664,13.420000076293944,44.70000076293945,960.0,14.25,309.0,0.44,-0.01374203194906376,0.055091778028631355,8.63
2016-09-30,3.259299993515014,58367.0,95.45999908447266,13.289999961853027,48.2400016784668,954.0,14.25,319.0,0.08,0.006951321816986988,0.014292525271983533,8.17
2016-10-31,3.2030999660491943,64925.0,98.4499969482422,17.059999465942383,46.86000061035156,1002.25,14.0,313.0,0.26,-0.01724297474231895,0.013075648336559529,7.609999999999999
2016-11-30,3.4537999629974365,61906.0,101.5,13.329999923706056,49.43999862670898,1032.25,14.0,337.0,0.18,0.07826792782164205,0.04965506819819655,6.779999999999999
2016-12-31,3.2523000240325928,60227.0,102.38999938964844,14.039999961853027,53.720001220703125,996.5,13.75,328.0,0.3,-0.05834151981111513,0.07008752159250765,6.12
2017-01-31,3.125499963760376,64671.0,99.51000213623048,11.989999771118164,52.810001373291016,1024.5,13.0,289.0,0.38,-0.038987811498090164,0.07392069580684614,5.23
2017-02-28,3.105299949645996,66662.0,101.12000274658205,12.920000076293944,54.0099983215332,1025.0,12.25,286.0,0.33,-0.006462970516267985,0.026216455339145177,4.66
2017-03-31,3.147700071334839,64984.0,100.3499984741211,12.369999885559082,50.59999847412109,946.0,12.25,270.0,0.25,0.013654114699507947,0.026563555209675835,4.48
2017-04-30,3.1810998916625977,65403.0,99.0500030517578,10.81999969482422,49.33000183105469,945.25,11.25,263.0,0.14,0.010610864939744724,0.010843387722924997,4.01
2017-05-31,3.256200075149536,62711.0,96.91999816894533,10.40999984741211,48.31999969482422,916.0,11.25,284.0,0.31,0.0236082443320218,0.00679801364257694,3.54
2017-06-30,3.3027000427246094,62900.0,95.66000366210938,11.18000030517578,46.040000915527344,942.25,10.25,289.0,-0.23,0.014280439316351812,0.006700815790914235,2.96
2017-07-31,3.1777000427246094,65920.0,92.86000061035156,10.260000228881836,50.16999816894531,994.5,9.25,268.0,0.24,-0.03784782098978612,0.0331190062094088,2.6799999999999997
2017-08-31,3.158799886703491,70835.0,92.66999816894533,10.59000015258789,47.22999954223633,936.25,9.25,272.0,0.19,-0.005947747039369067,0.02628101267654503,2.43
2017-09-30,3.1809000968933105,74294.0,93.08000183105467,9.510000228881836,51.66999816894531,968.25,8.25,247.0,0.16,0.006996394511360693,0.023080183355859995,2.51
2017-10-31,3.287300109863281,74308.0,94.5500030517578,10.18000030517578,54.380001068115234,973.75,7.5,243.0,0.42,0.03344965567258407,0.020081007473883646,2.67
2017-11-30,3.244800090789795,71971.0,93.01000213623048,11.279999732971191,57.400001525878906,985.75,7.5,241.0,0.28,-0.01292854855142922,0.023265554686286723,2.77
2017-12-31,3.311100006103516,76402.0,92.12000274658205,11.039999961853027,60.41999816894531,951.75,7.0,240.0,0.44,0.020432665636909375,0.023921226518001874,2.91
2018-01-31,3.179500102996826,84913.0,89.12999725341797,13.539999961853027,64.7300033569336,995.75,7.0,227.0,0.29,-0.03974507047932874,0.030148124276935563,2.8200000000000003
2018-02-28,3.248500108718872,85481.0,90.61000061035156,19.850000381469727,61.63999938964844,1045.0,6.75,236.0,0.32,0.02170152649374346,0.035115652282898854,2.81
2018-03-31,3.303499937057495,85366.0,90.1500015258789,19.96999931335449,64.94000244140625,1044.75,6.5,248.0,0.09,0.016930837770639195,0.0341823597937657,2.6500000000000004
2018-04-30,3.4581000804901123,86115.0,91.83999633789062,15.93000030517578,68.56999969482422,1037.75,6.5,250.0,0.22,0.04679889401491044,0.016045446452686726,2.73
2018-05-31,3.722100019454956,76754.0,93.98999786376952,15.43000030517578,67.04000091552734,1018.5,6.5,307.0,0.4,0.07634248079003747,0.029705969180213638,2.82
2018-06-30,3.859499931335449,72763.0,94.62999725341795,16.09000015258789,74.1500015258789,858.5,6.5,332.0,1.26,0.03691462109086818,0.020514541554849088,4.3100000000000005
2018-07-31,3.728100061416626,79220.0,94.48999786376952,12.829999923706056,68.76000213623047,903.75,6.5,267.0,0.33,-0.03404582776436449,0.05593972960203882,4.3999999999999995
2018-08-31,4.148600101470947,76678.0,95.13999938964844,12.859999656677246,69.80000305175781,833.0,6.5,345.0,-0.09,0.11279204772592322,0.07343265719123823,4.12
2018-09-30,4.01200008392334,79342.0,95.19000244140624,12.119999885559082,73.25,845.5,6.5,293.0,0.48,-0.032926773901194695,0.0844556973965697,4.44
2018-10-31,3.694600105285645,87424.0,97.12999725341795,21.229999542236328,65.30999755859375,839.0,6.5,260.0,0.45,-0.07911265503447074,0.10016197343470563,4.470000000000001
2018-11-30,3.8510000705718994,89504.0,97.2699966430664,18.06999969482422,50.93000030517578,894.75,6.5,270.0,-0.21,0.04233204158211934,0.06129959116272611,3.98
2018-12-31,3.874200105667114,87887.0,96.16999816894533,25.420000076293945,45.40999984741211,882.5,6.5,276.0,0.15,0.006024418247223995,0.062336959469612804,3.69
2019-01-31,3.6814000606536874,97394.0,95.58000183105467,16.56999969482422,53.790000915527344,915.25,6.5,238.0,0.32,-0.04976512305892555,0.04639073931705717,3.72
2019-02-28,3.727299928665161,95584.0,96.16000366210938,14.779999732971191,57.220001220703125,897.5,6.5,235.0,0.43,0.012468046736361371,0.03422221668747169,3.83
2019-03-31,3.897700071334839,95415.0,97.27999877929688,13.710000038146973,60.13999938964844,884.25,6.5,253.0,0.75,0.04571677780990968,0.04846861344261222,4.49
2019-04-30,3.944299936294556,96353.0,97.4800033569336,13.119999885559082,63.90999984741211,841.25,6.5,252.0,0.57,0.0119557339217633,0.01934575175948831,4.84
2019-05-31,3.9800000190734863,97030.0,97.75,18.709999084472656,53.5,877.75,6.5,274.0,0.13,0.009051056804891155,0.02038226488227968,4.569999999999999
2019-06-30,3.815999984741211,100967.0,96.12999725341795,15.079999923706056,58.470001220703125,899.75,6.5,239.0,0.01,-0.041206038579480575,0.02988976090319538,3.32
2019-07-31,3.789299964904785,101812.0,98.5199966430664,16.1200008392334,58.58000183105469,864.0,6.5,212.0,0.19,-0.006996860572114572,0.02566962909923155,3.1799999999999997
2019-08-31,4.168099880218506,101135.0,98.91999816894533,18.979999542236328,55.09999847412109,857.0,6.0,248.0,0.11,0.09996567144909019,0.07364407967686852,3.38
2019-09-30,4.157100200653076,104745.0,99.37999725341795,16.239999771118164,54.06999969482422,906.0,5.5,247.0,-0.04,-0.0026390153502878766,0.0605360716495588,2.8600000000000003
2019-10-31,3.9862000942230233,107220.0,97.3499984741211,13.220000267028809,54.18000030517578,916.75,5.0,240.0,0.1,-0.041110413071882346,0.07292716894228576,2.5100000000000002
2019-11-30,4.188000202178955,108233.0,98.2699966430664,12.619999885559082,55.16999816894531,876.75,5.0,239.0,0.51,0.05062468094574313,0.046065889875610964,3.23
2019-12-31,4.015710830688477,115964.0,96.38999938964844,13.779999732971191,61.060001373291016,943.0,4.5,214.0,1.15,-0.04113881642146022,0.05297148246971128,4.23
2020-01-31,4.242199897766113,113761.0,97.38999938964844,18.84000015258789,51.560001373291016,872.5,4.5,225.0,0.21,0.05640074114569793,0.054723346040014734,4.12
2020-02-29,4.484799861907959,104172.0,98.12999725341795,40.11000061035156,44.7599983215332,883.5,4.25,252.0,0.25,0.05718730139746486,0.05654291793668437,3.94
2020-03-31,5.192699909210205,73020.0,99.0500030517578,53.540000915527344,20.479999542236328,886.0,3.75,389.0,0.07,0.15784428939959105,0.05834272504353012,3.26
2020-04-30,5.334799766540527,80506.0,99.0199966430664,34.150001525878906,18.84000015258789,850.25,3.75,422.0,-0.31,0.02736531280736676,0.06836902755108033,2.38
2020-05-31,5.403600215911865,87403.0,98.33999633789062,27.51000022888184,35.4900016784668,840.75,3.0,392.0,-0.38,0.012896538273629243,0.07983729216927814,1.8699999999999997
2020-06-30,5.402100086212158,95056.0,97.38999938964844,30.43000030517578,39.27000045776367,884.25,2.25,380.0,0.26,-0.00027761670733705834,0.013826516481779502,2.12
2020-07-31,5.153900146484375,102912.0,93.48999786376952,24.459999084472656,40.27000045776367,897.5,2.25,334.0,0.36,-0.04594508353543225,0.030879908093230872,2.29
2020-08-31,5.389999866485596,99369.0,92.13999938964844,26.40999984741211,42.61000061035156,951.25,2.0,319.0,0.24,0.04580991352001096,0.045877658785070746,2.42
2020-09-30,5.630499839782715,94603.0,93.88999938964844,26.3700008392334,40.220001220703125,1023.5,2.0,343.0,0.64,0.04461966219934821,0.05263454086569666,3.1
2020-10-31,5.7778000831604,93952.0,94.04000091552734,38.02000045776367,35.790000915527344,1056.5,2.0,318.0,0.86,0.02616113090651817,0.011016720125087103,3.86
2020-11-30,5.34250020980835,108888.0,91.87000274658205,20.56999969482422,45.34000015258789,1168.5,2.0,275.0,0.89,-0.07534007184165947,0.06459301991186088,4.239999999999999
2020-12-31,5.190838813781738,119306.0,89.94000244140625,22.75,48.52000045776367,1315.25,2.0,260.0,1.35,-0.028387719245789533,0.05079795702347435,4.44
2021-01-31,5.437989234924316,116007.0,90.58000183105467,33.09000015258789,52.20000076293945,1370.0,2.0,288.0,0.25,0.04761280979990956,0.06204570215236336,4.48
2021-02-28,5.528025150299072,110035.0,90.93000030517578,27.950000762939453,61.5,1405.25,2.0,299.0,0.86,0.016556839575282645,0.03821118306953228,5.090000000000001
2021-03-31,5.771599769592285,116634.0,93.2300033569336,19.399999618530277,59.15999984741211,1436.75,2.75,290.0,0.93,0.044061778423716946,0.01699806249490263,5.95
2021-04-30,5.336400032043457,118894.0,91.27999877929688,18.61000061035156,63.58000183105469,1571.0,2.75,277.0,0.31,-0.07540365841749475,0.0625636282139994,6.569999999999999
2021-05-31,5.23799991607666,126216.0,90.02999877929688,16.760000228881836,66.31999969482422,1530.5,3.5,262.0,0.83,-0.018439418967081567,0.05975410007007762,7.78
2021-06-30,4.955100059509277,126802.0,92.44000244140624,15.829999923706056,73.47000122070312,1450.0,4.25,275.0,0.53,-0.05400913728522527,0.0287745691304991,8.05
2021-07-31,5.080399990081787,121801.0,92.16999816894533,18.239999771118164,73.94999694824219,1414.75,4.25,300.0,0.96,0.025287063645071717,0.039717959046341275,8.65
2021-08-31,5.182899951934815,118781.0,92.62999725341795,16.479999542236328,68.5,1298.75,5.25,304.0,0.87,0.020175569256974724,0.04437977306087744,9.28
2021-09-30,5.414299964904785,110979.0,94.25,23.13999938964844,75.02999877929688,1256.0,6.25,327.0,1.16,0.04464682226474137,0.012908458805898805,9.799999999999999
2021-10-31,5.644899845123291,103501.0,94.12000274658205,16.260000228881836,83.56999969482422,1235.75,7.75,362.0,1.25,0.042590894799557244,0.013573969455617039,10.19
2021-11-30,5.6006999015808105,101915.0,95.98999786376952,27.190000534057617,66.18000030517578,1217.25,7.75,366.0,0.95,-0.00783006691972854,0.029721832931698788,10.25
2021-12-31,5.570199966430664,104822.0,95.66999816894533,17.219999313354492,75.20999908447266,1328.75,9.25,326.0,0.73,-0.005445736369759424,0.028447250444070874,9.629999999999999
2022-01-31,5.362599849700928,112388.0,96.54000091552734,24.82999992370605,88.1500015258789,1490.5,9.25,334.0,0.54,-0.03726977810147891,0.01772545842744558,9.92
2022-02-28,5.15939998626709,113142.0,96.70999908447266,30.149999618530277,95.72000122070312,1644.25,10.75,338.0,1.01,-0.03789204287639891,0.01855586004256302,10.07
2022-03-31,4.769700050354004,119999.0,98.30999755859376,20.559999465942383,100.27999877929688,1618.25,11.75,294.0,1.62,-0.07553202638879719,0.02191329587360193,10.760000000000002
2022-04-30,4.93779993057251,107876.0,102.95999908447266,33.400001525878906,104.69000244140624,1708.25,11.75,306.0,1.06,0.0352432812218515,0.05632748406418128,11.51
2022-05-31,4.752399921417236,111351.0,101.75,26.190000534057617,114.66999816894533,1683.25,12.75,300.0,0.47,-0.037547088128736195,0.05629159525934202,11.15
2022-06-30,5.180900096893311,98542.0,104.69000244140624,28.709999084472656,105.76000213623048,1675.0,13.25,364.0,0.67,0.09016500769326874,0.06406404780640113,11.290000000000001
2022-07-31,5.182700157165527,103165.0,105.9000015258789,21.32999992370605,98.62000274658205,1637.0,13.25,305.0,-0.68,0.00034744161025135334,0.0655916279978692,9.65
2022-08-31,5.1219000816345215,109523.0,108.6999969482422,25.8700008392334,89.55000305175781,1507.5,13.75,285.0,-0.36,-0.011731351165848225,0.055671597128085386,8.42
2022-09-30,5.396200180053711,110037.0,112.12000274658205,31.6200008392334,79.48999786376953,1364.75,13.75,288.0,-0.29,0.0535543634290605,0.03473494468717989,6.970000000000001
2022-10-31,5.28849983215332,116037.0,111.52999877929688,25.8799991607666,86.52999877929688,1407.0,13.75,255.0,0.59,-0.019958553112705113,0.04027832394832821,6.3100000000000005
2022-11-30,5.268199920654297,112486.0,105.9499969482422,20.57999992370605,80.55000305175781,1469.5,13.75,251.0,0.41,-0.003838500925272381,0.03863924140860986,5.7700000000000005
2022-12-31,5.284599781036377,110031.0,103.5199966430664,21.670000076293945,80.26000213623047,1519.25,13.75,256.0,0.62,0.0031129912738852017,0.011835507922510796,5.66
2023-01-31,5.1149001121521,113532.0,102.0999984741211,19.399999618530277,78.87000274658203,1538.0,13.75,258.0,0.53,-0.03211211367287248,0.018657118570429006,5.65
2023-02-28,5.199699878692627,104932.0,104.87000274658205,20.700000762939453,77.05000305175781,1490.5,13.75,248.0,0.84,0.016578968245940517,0.02514279887875969,5.48
2023-03-31,5.092700004577637,101882.0,102.51000213623048,18.700000762939453,75.66999816894531,1505.5,13.75,253.0,0.71,-0.020578086545620655,0.025444390216639776,4.57
2023-04-30,4.976200103759766,104432.0,101.66999816894533,15.779999732971191,76.77999877929688,1444.25,13.75,260.0,0.61,-0.022875861667318698,0.0221457674465392,4.12
2023-05-31,5.034800052642822,108335.0,104.31999969482422,17.940000534057617,68.08999633789062,1299.75,13.75,249.0,0.23,0.011776043499291955,0.019377065623862207,3.8800000000000003
2023-06-30,4.855599880218506,118087.0,102.91000366210938,13.59000015258789,70.63999938964844,1557.25,13.75,230.0,-0.08,-0.03559231162124343,0.024516061734883077,3.13
2023-07-31,4.723299980163574,121943.0,101.86000061035156,13.630000114440918,81.80000305175781,1445.75,13.75,199.0,0.12,-0.02724687027732975,0.025285685204833104,3.9299999999999997
2023-08-31,4.888400077819824,115742.0,103.62000274658205,13.56999969482422,83.62999725341797,1360.0,13.25,209.0,0.23,0.03495439594131655,0.03854755041578508,4.5200000000000005
2023-09-30,5.032800197601318,116565.0,106.16999816894533,17.520000457763672,90.79000091552734,1275.0,12.75,201.0,0.26,0.029539341601085845,0.03445527098575496,5.07
2023-10-31,5.04610013961792,113144.0,106.66000366210938,18.13999938964844,81.0199966430664,1287.0,12.75,201.0,0.24,0.0026426524984919375,0.017305121893551902,4.720000000000001
2023-11-30,4.904099941253662,127331.0,103.5,12.920000076293944,75.95999908447266,1342.75,12.25,189.0,0.28,-0.028140582714438533,0.028861777272316404,4.59
2023-12-31,4.850200176239014,134185.0,101.33000183105467,12.449999809265137,71.6500015258789,1293.5,11.75,195.0,0.56,-0.010990755828860554,0.015425055132263478,4.53
2024-01-31,4.950300216674805,127752.0,103.2699966430664,14.350000381469728,75.8499984741211,1222.25,11.75,230.0,0.42,0.02063833177982599,0.024745027259370774,4.42
2024-02-29,4.967299938201904,129020.0,104.16000366210938,13.399999618530272,78.26000213623047,1128.25,11.25,208.0,0.83,0.0034340789008788786,0.015834884259449695,4.41
2024-03-31,5.014100074768066,128106.0,104.5500030517578,13.010000228881836,83.16999816894531,1191.5,10.75,210.0,0.16,0.009421644987901212,0.00873356864209716,3.8600000000000003
2024-04-30,5.117000102996826,125924.0,106.22000122070312,15.649999618530272,81.93000030517578,1145.5,10.75,210.0,0.38,0.02052213292402616,0.008670576397261534,3.63
2024-05-31,5.202099800109863,122098.0,104.66999816894533,12.920000076293944,76.98999786376953,1205.0,10.5,213.0,0.46,0.016630778854821227,0.005632274259762832,3.86
2024-06-30,5.500500202178955,123907.0,105.87000274658205,12.4399995803833,81.54000091552734,1150.5,10.5,231.0,0.21,0.057361529677456335,0.02247694319454241,4.15
2024-07-31,5.611100196838379,127652.0,104.0999984741211,16.360000610351562,77.91000366210938,1028.5,10.5,228.0,0.38,0.020107261266095522,0.02257934346328215,4.41
